Naslov,http://www.etf.unsa.ba/etf/css/images/etf-dugi.gif,Dakle ovo ti je brate etf nemam pojma sta i koji klinac ali to je to,2016-05-20 23:31:42
Najbolji tereni,slike/izgled1.jpg,Plastična trava proizvedena u Njemačkoj i održavana od strane Njemačke firme je jedan od naših najvećih aduta.,2016-04-01 16:28:00
Najbolji tereni,slike/izgled1.jpg,Plastična trava proizvedena u Njemačkoj i održavana od strane Njemačke firme je jedan od naših najvećih aduta.,2016-05-21 15:37:00
Najkvalitetnije lopte,slike/lopte.jpg,Od sada vam nudimo najbolje lopte od najpoznatijih proizvođača kao što su Adidas i Nike.,2016-04-01 16:26:00
Najbolji golovi,slike/golovi.jpg,Aluminijski golovi sa nepoderivom mrežicom će vaš ugođaj dovesti na sasvim novi nivo.,2016-03-28 20:49:00
Novi markeri,slike/markeri.jpg,Kao najboolji domaćini nudimo vam i besplatne markere da biste mogli lakše prepoznati svoje saigrače.,2016-03-26 13:25:03
Malonogometni turnir,slike/turnir1.jpg,Ovog mjeseca u našoj dvorani će se održati malonogometni turnir Asim Ferhatović Hase.,2016-03-25 19:49:00
Pobjednici turnira,slike/osvajaciTurnira.jpg,Ove godine osvajac tradicionalnog turnira Asim Ferhatović Hase je ekipa &quot;Crvena Furija&quot;.,2016-03-15 13:25:03
Nove lopte,slike/nekaLopta.jpg,Dvorana R&amp;S je dobila nove lopte od našeg poslovnog partnera Adidasa;.? dođite i oprobajte ih.,2016-03-05 10:50:00
R&S sponzor WC2014,slike/brazil2014.jpg,Naša dvorana je generalni sponzor predstojećeg prventsva u Brazilu World Cup 2014.,2016-03-01 13:25:03
Bajramski turnir,slike/bajramskiTurnir.png,Pred kraj tekuće sedmice bit će održan tradiconalni malonogometni bajramski turnir. Učešće je besplatno,2016-02-25 18:25:03
Pobjednici siromašnim,slike/osvajaciBajramskogTurnira.jpg,Ove godine sve ekipe su odlučile osvojene nagrade pokloniti siromašnim i uljepšati im praznike.,2015-12-20 10:49:00
Turnir reintegracije,slike/turnir2.jpg,Turnir reintegracije će se održati ovog vikenda u R&amp;S dvorani. Obavezno dođite!,2014-03-28 19:49:00
Pobjednik turnira,slike/osvajaciDrugogTurnira.jpg,Osvajač turnira reintegracije je prošlogodišnji pobjednik;.? ekipa &quot;Bosna&quot;.,2014-11-05 13:25:03
test,http://static.klix.ba/media/images/vijesti/160521036.1_xl.jpg,neki tekst,2016-05-21 15:44:36
Danas;.? je suncan dan,http://reprezentacija.ba/wp-content/uploads/2015/06/PRIJATELJI-NFSBIH.png,I opet ce sunce;.? da sija,2016-05-21 17:38:39
